[
	{ "page": "/login.htm", "url": "/login", "access": "", "title": "Ziti Login" },
	{ "page": "/index.htm", "url": "/", "access": "100", "title": "Ziti Dashboard" },
	{ "page": "/identities.htm", "url": "/identities", "access": "100", "title": "Identities" },
	{ "page": "/terminators.htm", "url": "/terminators", "access": "100", "title": "Terminators" },
	{ "page": "/posture-checks.htm", "url": "/posture-checks", "access": "100", "title": "Posture Checks" },

	{ "page": "/services.htm", "url": "/services", "access": "100", "title": "Services" },
	{ "page": "/routers.htm", "url": "/routers", "access": "100", "title": "Routers" },
	{ "page": "/transit-routers.htm", "url": "/transit-routers", "access": "100", "title": "Transit Routers" },
	{ "page": "/edge-clusters.htm", "url": "/edge-clusters", "access": "100", "title": "Edge Clusters" },
	{ "page": "/config-types.htm", "url": "/config-types", "access": "100", "title": "Config Types" },
	{ "page": "/configs.htm", "url": "/configs", "access": "100", "title": "Configs" },
	{ "page": "/attributes.htm", "url": "/attributes", "access": "100", "title": "Attribute Explorer" },
	{ "page": "/sessions.htm", "url": "/sessions", "access": "100", "title": "Sessions" },
	{ "page": "/api-sessions.htm", "url": "/api-sessions", "access": "100", "title": "Api Sessions" },

	{ "page": "/auth-policies.htm", "url": "/auth-policies", "access": "100", "title": "Auth Policies" },
	{ "page": "/jwt-signers.htm", "url": "/jwt-signers", "access": "100", "title": "Jwt Signers" },
	{ "page": "/router-policies.htm", "url": "/router-policies", "access": "100", "title": "Router Policies" },
	{ "page": "/service-policies.htm", "url": "/service-policies", "access": "100", "title": "Service Policies" },
	{ "page": "/service-router-policies.htm", "url": "/service-router-policies", "access": "100", "title": "Service Router Policies" },
	{ "page": "/cas.htm", "url": "/cas", "access": "100", "title": "Edge Certificate Authorities" },

	{ "page": "/settings.htm", "url": "/settings", "access": "100", "title": "Personal Settings" },
	{ "page": "/profile.htm", "url": "/profile", "access": "100", "title": "Profile" },
	{ "page": "/organization.htm", "url": "/organization", "access": "100", "title": "Organization Settings" },
	{ "page": "/servers.htm", "url": "/servers", "access": "100", "title": "Server Settings" },
	{ "page": "/recipes.htm", "url": "/recipes", "access": "100", "title": "Recipes" },
	{ "page": "/known.htm", "url": "/known", "access": "100", "title": "Well Known" }
]